{
  "PUMP": 0.003199,
  "SOL": 204.13,
  "GIGA": 0.01693,
  "FWOG": 0.043,
  "POPCAT": 0.3413,
  "TRUMP": 9.59,
  "PENGU": 0.03867,
  "USDT": 1,
  "FARTCOIN": 1.10,
  "SPX": 1.97,
  "MOG": 0.00007965,
  "USDC": 1,
  "WIF": 0.0002079,
  "BULLIEVE": 0.0004478,
  "BONK": 0.00002126
}
